Cidade,Hipertensão (%),Diabetes (%),Obesidade (%),Tabagismo (%),Sedentarismo (%)
Brasília,24.61853281512482,13.847697981862037,20.821659789438897,16.468001888719805,28.598918273652448
Curitiba,24.792822475806865,12.276029517844316,18.871506988063103,13.872063854203812,24.6331625351614
Manaus,25.051401514674875,12.257287435631977,18.724124987553,14.707077929176922,33.42524890967768
Porto Alegre,24.78703938062661,11.806436010871025,21.739082475357687,16.29229021516432,28.14681890395544
Recife,24.585234389989058,10.840630721303583,20.680599627225607,17.48331201212229,30.764873441668843
Salvador,25.811090400336617,12.217069299367996,19.928747252888027,16.33387642905244,29.73421628303721
São Paulo,25.02290162443083,12.137904868991235,19.511229687237346,11.215925385124725,26.913904092316944
